"","id","faminc","incmiss","black","hisp","afqtpct","momcoll","dadcoll","female","f_dead","attend.college"
"3",15,4.015026,0,0,0,92.49874,0,0,0,0,1
"8",28,4.21200225678271,1,0,0,97.16508,1,1,1,0,0
"13",42,5.710259,0,0,0,29.17712,1,0,0,0,0
"19",62,4.21200225678271,1,0,0,47.39087,0,1,1,0,0
"20",66,7.137824,0,0,0,18.38936,0,1,0,0,1
"25",76,4.21200225678271,1,0,0,40.3161,1,1,0,0,1
"26",77,4.21200225678271,1,0,0,80.33116,1,1,1,0,1
"27",80,4.21200225678271,1,0,0,75.21325,1,1,0,0,1
"28",81,4.21200225678271,1,0,0,34.19468,0,1,0,0,1
"30",91,4.21200225678271,1,0,0,27.92273,0,0,1,0,1
"32",93,3.924639,0,0,0,23.35675,0,0,0,0,0
"33",102,4.21200225678271,1,0,0,60.78775,0,0,1,0,1
"38",121,8.922279,0,0,0,93.90366,1,1,1,0,1
"43",135,6.245596,0,0,0,49.1721,0,0,0,0,1
"48",144,4.21200225678271,1,0,0,45.15805,0,0,1,1,0
"50",146,4.104249,0,0,0,85.77522,0,0,0,0,0
"53",149,8.386943,0,0,0,42.67436,0,0,1,0,0
"62",185,11.25099,0,0,0,53.58755,0,0,0,0,0
"63",187,7.434338,0,0,0,55.44406,0,0,0,0,1
"67",194,6.245596,0,0,0,69.99498,0,0,0,0,1
"68",196,6.245596,0,0,0,98.87105,1,1,0,0,1
"72",211,5.353368,0,0,0,75.26342,0,0,1,0,1
"75",214,10.70674,0,0,0,72.77972,0,1,0,0,1
"77",230,3.457831,0,0,0,45.10788,0,0,0,0,1
"79",233,6.959378,0,0,0,29.85449,0,1,0,0,0
"84",246,6.245596,0,0,0,77.64676,0,0,0,0,1
"88",257,3.925803,0,0,0,72.75464,0,0,0,0,0
"93",271,3.568912,0,0,0,54.59107,0,1,1,0,1
"99",286,4.282694,0,0,1,63.27145,0,0,1,0,1
"101",296,4.21200225678271,1,0,0,37.90768,0,0,0,0,0
"102",298,0.8990361,0,0,1,15.67988,0,0,1,0,0
"103",299,0.8565389,0,0,1,13.32163,0,0,0,0,0
"106",303,1.070674,0,0,1,6.924235,0,0,0,0,0
"107",304,12.96704,0,0,1,3.863523,0,0,0,0,0
"109",311,6.915662,0,0,0,20.07025,0,0,0,0,0
"112",316,3.568912,0,0,0,22.2278,0,0,0,0,0
"114",325,3.568912,0,0,0,80.30607,0,0,0,0,1
"120",355,4.21200225678271,1,0,0,60.93829,0,0,0,1,0
"132",387,4.21200225678271,1,1,0,1.25439,0,0,0,0,0
"135",396,0.6602487,0,1,0,24.98746,0,0,0,0,0
"137",406,5.30947,0,0,0,47.59157,0,0,0,0,1
"141",412,6.051205,0,0,0,78.62519,0,0,0,0,1
"143",418,4.03287,0,0,0,79.55344,1,0,1,0,0
"154",445,5.353368,0,0,0,86.32715,1,1,0,0,1
"156",448,2.593374,0,0,0,3.0858,0,0,0,1,0
"157",451,4.21200225678271,1,0,0,27.67185,0,0,0,0,0
"158",452,1.40972,0,0,0,55.31862,0,0,1,0,1
"164",469,4.21200225678271,1,0,1,34.32012,1,0,0,0,0
"166",475,0.3283399,0,0,0,29.87958,0,0,1,0,0
"174",493,2.498238,0,0,0,69.96989,0,0,0,0,0
"181",515,3.803614,0,0,0,26.21676,0,0,1,0,1
"182",516,1.070674,0,1,0,3.161064,1,0,0,0,0
"184",519,4.21200225678271,1,1,0,1.956849,0,0,1,0,0
"186",523,3.976506,0,1,0,20.77271,0,0,0,0,1
"187",534,6.051205,0,0,0,4.139488,0,0,0,0,0
"188",536,4.668072,0,0,0,2.609132,0,0,1,0,0
"189",537,4.668072,0,0,0,2.759659,0,0,0,0,0
"194",554,7.137824,0,0,0,85.14802,0,1,0,0,1
"198",571,4.21200225678271,1,0,0,77.54641,0,1,0,0,0
"208",606,10.70674,0,0,0,67.05971,0,1,0,0,1
"209",610,11.59896,0,0,0,28.77571,1,1,0,0,0
"211",615,6.959378,0,0,0,19.7441,0,0,1,0,0
"212",616,4.21200225678271,1,0,0,1.103863,0,0,0,0,0
"213",622,4.21200225678271,1,1,0,56.89915,1,1,1,0,1
"215",628,1.158374,0,1,0,4.666332,0,0,0,0,0
"217",637,3.568912,0,0,0,53.61264,0,0,0,0,1
"222",643,2.676684,0,0,0,40.79277,0,1,1,0,0
"225",651,2.676684,0,0,0,77.62167,0,0,0,0,1
"228",657,7.851606,0,0,0,84.29504,1,1,1,0,1
"232",665,12.49119,0,0,0,69.91972,0,1,1,0,1
"234",667,6.245596,0,0,0,79.90466,0,0,0,0,1
"240",675,2.319793,0,1,0,1.480181,0,0,0,0,0
"241",676,4.21200225678271,1,1,0,6.848971,0,0,0,0,0
"248",689,4.322289,0,0,0,43.30156,0,0,1,0,1
"255",714,2.766265,0,0,0,26.94431,0,0,0,0,0
"263",733,3.568912,0,0,0,49.42298,0,0,1,0,0
"265",736,12.49119,0,0,0,32.3131,0,0,1,0,0
"270",754,1.469578,0,1,0,25.41395,0,0,0,0,1
"272",756,0.8644578,0,0,1,22.17762,0,0,1,0,0
"278",765,4.495181,0,0,1,58.83091,0,0,0,0,0
"283",778,5.174922,0,0,0,79.52835,0,1,0,0,1
"284",779,3.033575,0,0,0,57.77722,1,0,1,1,1
"285",791,4.818031,0,0,0,76.34219,0,0,0,0,0
"288",799,6.602487,0,0,0,52.00703,0,0,0,0,0
"291",804,2.498238,0,0,0,33.59257,0,0,1,0,0
"294",808,11.95585,0,0,0,76.89413,0,0,1,0,1
"295",817,7.137824,0,0,0,83.39187,0,1,0,0,1
"302",833,8.125904,0,1,0,13.94882,0,0,0,0,0
"312",866,5.186747,0,0,0,26.31711,0,0,1,0,0
"313",867,3.212021,0,0,0,78.67537,0,1,1,0,0
"315",870,4.21200225678271,1,0,0,8.504767,0,0,0,0,0
"319",878,4.21200225678271,1,0,0,68.3141,1,1,1,0,0
"320",879,4.75843,0,0,0,76.14149,1,1,1,0,1
"322",883,10.34984,0,0,0,77.49624,1,1,1,0,1
"328",898,5.353368,0,0,0,89.28751,1,1,1,0,1
"335",909,5.380135,0,0,0,55.64476,0,0,1,0,1
"338",915,4.21200225678271,1,0,1,95.83543,0,0,1,0,1
"341",921,4.46114,0,0,0,11.96688,0,0,0,0,0
"345",929,6.245596,0,0,0,76.19167,0,0,0,0,0
"353",950,4.46114,0,0,0,88.0582,0,0,1,0,0
"362",967,8.386943,0,0,0,11.01355,0,0,1,0,0
"368",977,8.922279,0,0,0,93.95383,0,0,0,0,0
"370",986,4.21200225678271,1,1,0,56.72353,0,1,1,0,1
"374",997,4.21200225678271,1,0,0,68.36427,0,0,0,0,0
"377",1002,3.747357,0,1,0,3.988961,0,0,0,0,0
"378",1003,7.137824,0,0,0,73.53236,0,1,0,0,1
"379",1010,4.282694,0,0,0,82.89011,0,0,0,0,1
"382",1013,4.639585,0,0,0,86.30206,0,0,0,0,0
"385",1018,4.21200225678271,1,0,0,66.00602,0,1,1,1,1
"386",1019,10.70674,0,0,0,99.82439,1,1,1,0,1
"387",1021,4.21200225678271,1,0,0,61.81636,0,1,0,0,1
"390",1028,4.21200225678271,1,1,0,2.584044,0,0,0,0,0
"392",1038,4.104249,0,0,0,59.65881,0,1,1,0,1
"393",1044,4.840964,0,0,0,6.798796,0,0,0,0,0
"400",1058,2.713801,0,1,0,46.48771,1,0,0,0,0
"403",1076,0.536229,0,0,1,31.98696,0,0,1,0,1
"412",1106,4.21200225678271,1,0,0,94.95735,0,1,1,0,1
"415",1112,2.074699,0,0,0,32.7145,0,0,1,0,0
"423",1135,6.245596,0,0,0,66.03111,1,1,1,0,1
"432",1162,0.3568912,0,1,0,3.060713,0,0,1,0,1
"436",1176,6.602487,0,0,0,69.89463,0,1,0,0,1
"442",1193,0.892228,0,1,0,18.16357,0,0,0,1,1
"444",1197,4.21200225678271,1,0,0,66.10638,0,0,0,0,1
"447",1214,4.21200225678271,1,1,0,2.910186,0,0,1,1,0
"449",1217,0.5353368,0,1,0,3.913698,0,0,0,0,0
"450",1218,0.5353368,0,1,0,11.99197,0,0,0,1,1
"451",1220,1.641699,0,1,0,4.089313,0,0,1,0,0
"453",1222,4.21200225678271,1,1,0,9.809332,0,0,0,0,0
"454",1223,4.21200225678271,1,1,0,5.418966,0,0,1,0,1
"471",1276,8.922279,0,0,0,91.47015,0,1,1,0,0
"472",1277,6.602487,0,0,0,67.63673,0,1,1,0,1
"482",1304,4.21200225678271,1,0,0,81.23432,0,1,1,0,1
"487",1315,4.21200225678271,1,0,0,70.82288,1,1,0,0,1
"488",1319,5.353368,0,0,0,2.358254,0,0,0,0,0
"500",1351,4.322289,0,0,0,42.44857,0,0,0,0,0
"506",1370,4.21200225678271,1,0,0,17.03462,0,0,1,0,0
"511",1379,2.141347,0,1,0,38.61014,0,0,0,1,1
"514",1385,6.780933,0,1,0,41.87155,0,0,1,0,1
"516",1388,4.21200225678271,1,1,0,5.193176,0,0,1,0,0
"517",1389,0.5353368,0,1,0,32.9152,0,0,1,0,1
"519",1396,6.602487,0,0,0,44.58104,0,0,0,0,0
"523",1404,4.21200225678271,1,0,1,16.83392,0,0,0,0,1
"526",1418,4.21200225678271,1,0,1,48.24385,0,0,0,0,0
"529",1427,7.137824,0,0,0,95.58455,1,1,1,1,1
"536",1442,4.21200225678271,1,0,1,8.755645,0,0,1,0,0
"539",1454,4.996477,0,0,1,52.83492,0,0,1,0,0
"544",1490,1.802657,0,1,0,20.89814,0,0,1,0,0
"547",1502,10.70674,0,0,0,99.34772,1,1,1,0,1
"548",1503,3.161342,0,0,0,89.46312,1,1,0,0,1
"556",1523,4.46114,0,1,0,37.88259,0,0,0,0,0
"557",1530,4.21200225678271,1,1,0,34.29503,0,0,1,0,1
"578",1586,5.353368,0,0,0,69.39288,1,1,1,0,0
"584",1598,1.784456,0,0,0,75.1129,0,0,1,0,0
"586",1602,10.16569,0,0,0,61.84145,0,0,0,0,0
"587",1611,7.137824,0,0,0,84.1445,0,0,0,0,0
"589",1613,4.46114,0,0,0,63.32162,0,0,0,0,1
"597",1630,4.46114,0,0,0,71.02358,0,0,0,0,1
"600",1633,5.353368,0,0,0,93.37682,0,1,1,0,1
"604",1646,5.353368,0,0,1,22.00201,0,0,1,0,1
"609",1659,3.568912,0,0,0,66.90918,0,0,0,1,0
"613",1667,1.544268,0,0,0,60.81284,0,0,0,0,0
"621",1695,4.21200225678271,1,0,1,3.66282,0,0,0,0,0
"624",1698,4.21200225678271,1,0,1,20.02007,0,0,0,0,0
"630",1727,5.174922,0,0,0,24.83693,0,0,1,0,0
"635",1745,7.316269,0,0,0,92.77471,1,1,1,0,1
"652",1788,4.21200225678271,1,0,0,81.20923,0,0,0,0,1
"659",1799,7.137824,0,0,0,54.54089,1,0,1,0,0
"660",1802,9.279171,0,0,0,79.77923,0,1,0,0,1
"662",1805,9.814507,0,0,0,60.86302,0,1,0,0,0
"670",1839,3.568912,0,0,1,15.50426,0,0,1,0,0
"673",1849,5.353368,0,0,0,57.8274,0,1,1,0,0
"679",1873,2.373326,0,0,0,18.74059,0,0,0,0,0
"682",1884,2.498238,0,0,0,61.21425,0,0,0,0,0
"686",1890,4.21200225678271,1,0,0,10.51179,0,0,0,0,0
"687",1892,2.569617,0,0,0,76.81886,0,0,1,0,0
"689",1902,6.245596,0,0,0,63.47215,0,0,1,0,0
"691",1905,4.282694,0,0,0,64.24987,0,0,1,0,0
"694",1913,6.245596,0,0,0,51.20422,0,0,1,0,0
"698",1920,3.976506,0,0,0,67.56146,1,1,0,0,1
"703",1932,4.21200225678271,1,0,0,45.20823,0,0,1,0,0
"713",1952,5.888705,0,0,0,55.41897,0,1,0,0,1
"714",1953,8.030051,0,0,0,90.36628,1,0,1,0,1
"722",1971,8.030051,0,0,0,47.71701,0,1,0,0,0
"723",1972,7.137824,0,1,0,72.8299,0,1,1,0,1
"726",1975,0.5353368,0,0,0,74.53587,0,0,0,0,0
"729",1978,4.322289,0,0,0,24.10938,0,0,0,0,1
"736",2001,4.21200225678271,1,0,0,0.2508781,0,0,0,0,0
"738",2005,13.38342,0,0,0,90.9433,0,1,0,0,1
"742",2009,6.424041,0,0,0,67.58656,0,1,1,0,1
"745",2022,4.21200225678271,1,0,0,24.0843,0,0,0,0,0
"746",2031,1.784456,0,0,0,1.455093,0,1,0,0,0
"754",2045,1.556024,0,0,0,38.73557,1,0,0,0,0
"755",2046,1.556024,0,0,0,19.36779,1,0,1,0,0
"759",2060,1.641699,0,0,0,54.21475,0,1,0,0,0
"765",2069,6.424041,0,0,0,95.91068,1,1,0,0,1
"767",2072,6.245596,0,0,0,94.07928,0,0,1,0,0
"769",2078,4.21200225678271,1,0,0,0.3010537,0,0,0,0,0
"771",2082,5.353368,0,0,0,77.89764,0,0,1,0,0
"772",2085,4.21200225678271,1,0,0,66.73357,0,0,0,0,0
"781",2111,3.212021,0,0,0,93.25138,0,1,0,0,1
"783",2114,4.282694,0,0,0,34.52082,0,0,1,0,0
"786",2120,2.141347,0,0,0,59.73407,0,0,1,0,0
"788",2124,6.245596,0,0,0,78.72554,0,1,1,0,1
"793",2140,3.925803,0,0,0,58.30407,0,0,1,0,0
"794",2141,2.68864,0,0,0,32.58906,0,0,0,0,1
"801",2156,6.245596,0,0,0,51.17913,1,0,1,0,0
"815",2188,3.568912,0,0,0,32.81485,0,1,0,0,0
"817",2197,1.210241,0,1,0,1.430005,0,0,0,0,0
"818",2200,2.319793,0,0,0,90.96839,0,1,1,0,1
"824",2210,3.747357,0,1,0,33.46714,0,0,1,0,0
"827",2213,2.593374,0,1,0,5.795284,0,0,0,0,0
"830",2218,4.46114,0,0,0,85.64978,1,1,0,0,1
"835",2230,3.836581,0,0,0,93.30155,0,0,1,0,1
"836",2232,5.174922,0,0,0,56.69845,0,0,1,0,0
"837",2233,11.59896,0,0,0,64.77672,1,1,0,0,1
"844",2257,0.892228,0,1,0,22.30306,0,0,1,0,1
"845",2258,0.7137824,0,1,0,0.3261415,0,0,0,0,0
"849",2266,3.457831,0,1,0,5.017561,0,0,0,0,1
"854",2275,6.245596,0,0,0,42.49874,0,0,1,0,0
"855",2277,3.925803,0,0,0,88.23382,0,0,0,0,1
"856",2286,4.46114,0,0,0,97.79227,1,1,1,0,1
"858",2288,4.21200225678271,1,0,0,69.9448,0,1,1,0,1
"860",2291,4.21200225678271,1,0,0,99.3728,1,1,0,0,1
"861",2292,4.21200225678271,1,0,0,78.70045,1,1,1,0,1
"863",2296,4.21200225678271,1,0,0,29.22729,0,1,1,0,1
"867",2323,6.245596,0,0,0,35.22328,0,0,0,0,0
"881",2376,3.568912,0,0,0,79.60361,0,0,0,0,0
"882",2377,4.21200225678271,1,0,0,25.58957,0,0,0,0,0
"883",2378,4.21200225678271,1,0,0,69.142,0,0,0,0,0
"886",2384,4.21200225678271,1,0,1,45.81034,0,0,0,0,0
"889",2387,4.495181,0,0,1,25.36377,0,0,1,0,1
"906",2440,7.137824,0,0,0,66.28198,0,1,0,0,1
"909",2453,5.710259,0,0,0,76.84396,0,1,1,0,0
"910",2454,3.212021,0,0,0,41.74611,0,0,1,0,0
"916",2471,2.593374,0,0,0,20.67235,0,0,1,0,0
"917",2473,2.516618,0,0,0,93.32664,0,0,1,0,1
"919",2477,1.623855,0,0,0,74.43552,1,1,0,0,1
"925",2492,5.353368,0,0,0,40.96839,0,0,1,0,0
"926",2497,3.941863,0,0,0,82.99047,0,0,0,0,0
"928",2503,7.137824,0,0,0,78.65028,1,1,1,0,1
"932",2510,4.21200225678271,1,0,0,81.28449,1,1,1,0,1
"935",2513,3.390466,0,0,0,22.55394,0,0,0,0,0
"943",2527,3.568912,0,0,0,18.69042,0,0,0,1,0
"946",2530,4.46114,0,0,0,28.54992,0,0,1,0,0
"953",2546,3.747357,0,0,0,32.66433,0,0,0,0,0
"958",2557,6.780933,0,0,0,98.64526,0,0,0,0,1
"962",2563,4.21200225678271,1,0,0,84.92223,0,0,0,0,0
"975",2589,1.873679,0,0,0,96.76367,1,0,0,0,1
"979",2598,6.396988,0,0,0,8.379328,0,0,0,0,0
"981",2604,5.888705,0,0,0,61.99197,0,0,0,0,0
"985",2615,1.427565,0,0,0,76.16658,0,0,1,0,0
"988",2627,4.21200225678271,1,0,0,55.36879,0,0,1,0,1
"990",2630,1.427565,0,0,0,74.6864,0,0,0,1,1
"996",2644,1.728916,0,0,1,49.12193,0,0,0,0,1
"1000",2652,2.452467,0,0,1,47.36578,0,1,1,0,0
"1010",2691,0.6497204,0,0,1,22.10236,0,0,1,1,0
"1013",2696,2.141347,0,0,1,54.13949,0,0,0,0,0
"1017",2706,1.34887,0,0,1,9.307577,0,0,1,0,0
"1018",2707,1.802913,0,0,1,9.03161,0,0,0,0,0
"1020",2710,3.976506,0,0,1,8.830908,0,0,1,0,0
"1021",2713,1.037349,0,1,0,20.64726,0,0,0,0,0
"1023",2715,4.21200225678271,1,0,0,95.50928,0,1,0,0,1
"1026",2725,3.568912,0,0,0,92.72454,0,0,0,0,1
"1033",2740,1.784456,0,0,0,62.56899,0,0,1,0,1
"1035",2754,4.21200225678271,1,0,0,50.27596,1,0,0,0,1
"1036",2760,0.7137824,0,0,0,48.31911,0,0,0,0,0
"1038",2767,4.46114,0,0,0,10.9132,0,0,0,0,1
"1040",2772,4.21200225678271,1,1,0,20.72253,0,1,0,0,0
"1044",2780,3.343204,0,0,0,2.734571,0,0,0,0,0
"1046",2786,1.40972,0,0,0,1.731059,0,0,0,0,0
"1052",2802,2.498238,0,0,0,72.10236,0,0,0,0,1
"1057",2808,4.46114,0,0,0,28.52484,0,0,1,0,0
"1061",2815,4.46114,0,0,0,56.77371,0,0,0,0,1
"1062",2818,4.21200225678271,1,0,0,79.6287,0,0,1,0,0
"1065",2832,2.676684,0,0,0,63.52233,1,0,0,0,0
"1069",2843,5.353368,0,0,0,72.88008,1,1,1,0,1
"1071",2846,4.282694,0,0,0,99.94982,1,1,1,0,1
"1072",2847,4.282694,0,0,0,99.87457,1,1,1,0,1
"1077",2855,6.245596,0,0,0,47.69192,0,0,1,0,0
"1082",2863,4.21200225678271,1,0,0,51.07878,0,0,1,0,0
"1083",2867,3.747357,0,0,0,25.66483,0,0,1,0,0
"1085",2871,11.95585,0,0,0,61.18916,1,1,0,0,1
"1091",2892,8.922279,0,0,0,99.02158,1,1,1,0,1
"1100",2910,4.21200225678271,1,0,0,91.87155,1,1,1,0,1
"1104",2921,4.21200225678271,1,0,0,43.32664,0,1,0,0,0
"1107",2924,4.21200225678271,1,0,0,54.7416,0,0,0,0,0
"1112",2942,4.46114,0,1,0,16.15655,0,0,1,0,1
"1113",2943,9.100725,0,0,0,94.63121,0,1,1,0,1
"1116",2946,8.030051,0,0,0,86.65329,0,0,1,0,1
"1119",2954,1.728916,0,0,0,5.042649,0,0,0,0,1
"1122",2958,10.70674,0,0,0,80.38133,1,1,0,0,1
"1124",2960,7.78012,0,0,0,0.9784245,0,1,0,0,0
"1127",2967,4.21200225678271,1,0,1,20.69744,0,0,0,0,1
"1131",2976,7.137824,0,0,0,69.26743,0,1,0,0,0
"1135",2983,4.21200225678271,1,0,0,33.49222,0,1,1,0,1
"1137",2985,4.21200225678271,1,0,0,97.81736,1,1,0,0,1
"1138",2989,8.922279,0,0,0,99.27245,0,0,0,0,1
"1145",3018,4.21200225678271,1,0,0,88.58505,1,1,0,0,1
"1154",3049,1.867229,0,0,0,17.66182,0,0,1,0,0
"1159",3071,1.356187,0,1,0,5.444054,0,0,0,1,0
"1160",3072,1.070674,0,1,0,17.58655,0,0,0,0,0
"1162",3076,5.389057,0,1,0,43.50226,0,0,1,0,0
"1166",3082,2.420482,0,0,0,47.34069,0,0,0,0,0
"1168",3086,9.100725,0,0,0,95.53437,0,1,0,0,1
"1169",3091,6.959378,0,0,0,61.86654,0,0,1,0,1
"1173",3107,1.695233,0,0,0,52.86001,0,0,1,0,1
"1186",3139,4.21200225678271,1,0,0,84.9724,0,0,0,0,1
"1188",3142,8.565389,0,0,0,94.00401,1,1,0,0,1
"1195",3157,4.21200225678271,1,0,0,51.12895,1,1,1,0,1
"1197",3161,4.21200225678271,1,0,0,43.52735,1,1,0,0,1
"1198",3162,4.21200225678271,1,0,0,97.5163,0,1,1,0,1
"1206",3191,4.104249,0,1,0,17.33567,0,0,1,0,1
"1213",3204,4.21200225678271,1,0,0,56.67336,0,0,1,0,0
"1214",3205,5.353368,0,0,0,86.37732,1,0,1,0,1
"1219",3214,4.21200225678271,1,0,0,77.01957,0,0,0,0,0
"1222",3221,4.21200225678271,1,0,0,76.06623,0,1,1,0,0
"1226",3229,4.21200225678271,1,0,0,76.94431,1,1,0,0,1
"1227",3236,5.496124,0,0,0,76.11641,0,0,1,0,0
"1239",3253,1.249119,0,0,0,3.637732,0,0,1,0,0
"1240",3254,1.249119,0,0,0,77.59659,0,0,1,0,0
"1242",3265,1.784456,0,0,1,28.29905,0,0,0,0,0
"1249",3283,4.282694,0,0,1,17.96287,0,1,0,0,0
"1252",3291,7.137824,0,0,0,56.7988,0,0,1,0,1
"1255",3305,4.21200225678271,1,0,1,82.03712,1,1,1,0,1
"1259",3330,3.803614,0,0,0,22.6292,0,0,0,0,0
"1263",3346,5.264145,0,0,0,20.29604,0,0,0,0,0
"1269",3357,4.21200225678271,1,0,0,71.82639,0,1,0,0,1
"1270",3360,5.353368,0,0,0,64.04917,0,1,1,0,1
"1272",3363,5.353368,0,0,0,74.56097,0,0,1,0,0
"1273",3365,8.922279,0,0,0,45.18314,0,1,1,0,1
"1275",3368,13.3836,0,0,0,98.89613,0,1,1,0,1
"1276",3370,4.21200225678271,1,0,0,76.21676,0,0,1,0,1
"1285",3393,12.1343,0,1,0,34.34521,1,1,1,0,1
"1291",3405,4.21200225678271,1,0,0,98.19367,0,0,0,0,0
"1295",3418,3.568912,0,0,0,56.84897,1,0,1,0,0
"1297",3425,4.46114,0,0,0,86.47768,1,0,0,0,1
"1304",3453,4.639585,0,0,0,22.80482,0,0,0,0,0
"1309",3460,4.21200225678271,1,0,0,27.72203,0,0,0,0,0
"1315",3466,9.992953,0,0,0,82.81486,0,1,0,0,1
"1316",3469,3.925803,0,0,0,98.21877,0,0,1,0,1
"1321",3479,9.100725,0,0,0,40.09032,0,0,0,0,0
"1327",3497,6.780933,0,0,0,88.00803,0,0,0,0,1
"1331",3512,4.639585,0,0,0,32.63924,0,0,1,0,0
"1337",3522,4.322289,0,0,0,12.06723,0,0,1,0,0
"1340",3529,4.21200225678271,1,0,0,53.66282,0,0,0,0,1
"1344",3543,3.568912,0,1,0,27.84747,0,0,1,0,1
"1345",3544,5.353368,0,1,0,9.934772,0,0,1,1,0
"1347",3546,3.925803,0,1,0,54.18966,0,0,1,0,1
"1352",3552,5.531813,0,0,0,88.63522,0,0,1,0,0
"1362",3574,6.602487,0,0,0,99.89965,0,0,1,0,0
"1368",3593,4.46114,0,0,0,82.94029,0,0,0,0,0
"1370",3596,4.21200225678271,1,0,0,60.76267,0,0,0,1,0
"1372",3601,12.05293,0,0,0,91.94682,1,0,1,0,1
"1382",3625,4.282694,0,0,0,96.33718,0,0,1,0,1
"1384",3630,3.133505,0,0,0,99.64877,0,0,1,0,1
"1386",3636,4.818031,0,0,0,60.83793,0,1,1,0,1
"1387",3640,2.069969,0,0,0,3.361766,0,0,0,0,0
"1389",3643,7.137824,0,0,0,37.8575,1,0,1,0,1
"1392",3654,5.174922,0,0,0,9.759157,0,0,1,0,0
"1403",3671,9.814507,0,0,0,96.71349,1,1,1,0,1
"1405",3675,8.644578,0,0,0,61.71601,1,1,0,0,1
"1414",3696,6.424041,0,1,0,54.46563,1,0,1,0,1
"1418",3732,10.37349,0,0,0,99.5735,0,1,0,0,1
"1420",3735,6.245596,0,0,0,64.8018,0,0,1,0,0
"1435",3771,3.568912,0,0,0,88.61014,0,0,1,0,1
"1438",3776,9.189948,0,0,0,96.78876,0,0,0,0,0
"1439",3780,4.639585,0,0,0,69.24235,0,0,0,0,0
"1440",3794,5.353368,0,0,0,62.01706,0,0,1,0,1
"1441",3795,7.137824,0,0,0,84.94732,1,1,0,0,1
"1450",3815,8.990362,0,0,0,93.27647,0,1,0,0,1
"1451",3816,13.3836,0,0,0,92.74963,1,1,0,0,1
"1457",3833,13.3836,0,0,0,69.21726,0,0,0,0,0
"1462",3846,4.282694,0,0,0,82.86503,0,0,1,0,0
"1466",3852,3.568912,0,0,0,60.73758,0,0,0,0,0
"1469",3855,2.498238,0,0,0,97.19016,1,1,1,0,1
"1474",3861,7.137824,0,0,0,95.8856,0,1,0,0,1
"1484",3886,10.70674,0,0,0,98.62017,0,1,0,0,1
"1490",3893,5.710259,0,0,0,76.36728,0,1,1,0,0
"1495",3900,4.21200225678271,1,0,0,35.07275,1,0,1,0,0
"1496",3902,1.227706,0,0,0,99.39789,0,0,0,0,1
"1507",3924,9.814507,0,0,0,97.39087,1,0,1,0,1
"1509",3926,4.21200225678271,1,0,0,95.81033,1,1,0,0,1
"1512",3933,4.21200225678271,1,1,0,6.97441,0,0,0,0,0
"1513",3934,4.21200225678271,1,1,0,25.91571,0,0,1,1,0
"1516",3946,2.394548,0,1,0,3.738083,0,0,0,0,1
"1525",3978,4.21200225678271,1,1,0,11.54039,0,0,1,0,1
"1526",3989,4.46114,0,0,0,41.06874,0,0,0,0,0
"1527",3994,3.457831,0,0,0,60.91319,0,0,0,0,0
"1531",4010,4.21200225678271,1,0,0,88.6854,1,0,0,0,1
"1533",4013,3.976506,0,0,0,9.708982,0,0,0,0,0
"1534",4014,3.976506,0,0,0,31.8866,0,0,0,0,0
"1536",4020,1.784456,0,1,0,22.75464,0,0,0,0,0
"1537",4021,1.427565,0,1,0,47.21525,0,0,1,0,0
"1539",4023,1.830138,0,0,0,98.59509,0,0,1,0,1
"1541",4031,6.245596,0,0,0,1.229303,0,0,0,0,1
"1544",4036,6.067151,0,0,0,38.71049,0,0,0,0,0
"1545",4038,3.568912,0,0,0,32.89011,0,0,1,0,0
"1550",4052,13.3836,0,0,0,84.19469,1,1,0,0,1
"1552",4055,4.21200225678271,1,0,0,94.98244,1,1,0,0,1
"1554",4057,8.565389,0,0,0,66.70848,0,0,1,0,1
"1558",4064,5.353368,0,0,0,91.41997,0,0,0,0,0
"1559",4069,1.827283,0,1,0,24.93728,0,0,0,0,0
"1565",4083,1.792308,0,0,0,24.13447,0,0,1,0,0
"1571",4095,8.922279,0,0,0,72.90517,1,1,1,0,1
"1579",4111,3.6736,0,0,0,2.0572,0,0,0,0,0
"1581",4114,3.747357,0,0,0,67.83743,0,0,0,0,0
"1582",4123,4.119142,0,1,0,9.73407,0,0,1,0,1
"1587",4130,1.249119,0,0,0,0.7275464,0,0,0,0,0
"1588",4131,7.494715,0,1,0,86.45258,1,0,1,0,1
"1596",4155,2.247591,0,0,0,7.09985,0,1,0,0,0
"1599",4161,3.568912,0,0,0,51.25439,0,0,0,0,0
"1600",4163,5.567502,0,0,0,75.18816,0,0,1,0,0
"1606",4178,4.21200225678271,1,1,0,4.23984,0,0,1,0,0
"1611",4192,8.922279,0,0,0,82.91521,1,1,1,0,1
"1612",4198,4.21200225678271,1,1,0,3.88861,0,0,1,0,0
"1619",4210,4.21200225678271,1,1,0,3.236327,0,0,1,0,0
"1620",4212,4.21200225678271,1,1,0,44.33015,0,0,1,0,1
"1622",4215,1.556024,0,1,0,2.834922,0,0,1,0,0
"1623",4216,9.768373,0,0,0,61.79127,0,0,0,0,0
"1627",4231,5.710259,0,0,0,51.22931,0,0,1,0,1
"1629",4234,6.915662,0,0,0,40.76769,0,0,0,0,0
"1632",4243,1.60601,0,0,1,4.992474,0,0,0,1,0
"1641",4252,8.654612,0,0,0,64.8269,1,1,1,0,1
"1645",4283,2.676684,0,0,0,15.75514,0,0,1,0,0
"1650",4299,4.46114,0,0,0,80.43151,0,0,0,0,1
"1654",4305,4.21200225678271,1,0,0,14.07426,0,0,1,0,0
"1659",4317,4.46114,0,1,0,20.87306,0,0,0,0,1
"1666",4327,3.094247,0,0,0,87.10487,0,0,0,0,1
"1669",4334,4.314815,0,0,0,47.26543,0,0,0,1,0
"1674",4348,5.353368,0,0,0,66.08128,1,0,0,0,0
"1682",4390,2.587461,0,0,0,38.63522,0,0,0,0,0
"1687",4408,8.030051,0,0,0,77.87256,1,1,1,0,1
"1689",4411,8.030051,0,0,0,49.09684,0,1,1,0,1
"1694",4420,6.245596,0,0,1,25.38886,0,1,0,0,0
"1699",4437,4.21200225678271,1,0,0,99.97491,1,1,1,0,1
"1701",4440,12.96704,0,0,0,42.52383,0,1,1,0,1
"1702",4444,6.602487,0,0,0,11.49022,0,0,1,0,0
"1704",4448,6.352664,0,0,0,86.27697,0,0,0,0,1
"1705",4451,7.137824,0,0,0,45.86051,0,1,1,0,0
"1709",4467,4.21200225678271,1,0,0,14.87707,0,0,0,0,0
"1712",4473,3.568912,0,0,0,3.712995,0,0,1,0,0
"1715",4488,4.282694,0,0,0,95.60963,0,0,1,0,0
"1719",4509,8.922279,0,0,0,88.76067,1,1,0,0,1
"1720",4515,5.615326,0,0,0,64.02409,1,0,0,0,1
"1721",4518,3.112048,0,0,0,36.85399,0,0,0,0,0
"1726",4533,4.21200225678271,1,0,1,45.76016,0,0,1,0,1
"1732",4548,7.137824,0,0,0,87.18013,0,0,0,0,1
"1733",4549,5.353368,0,0,0,54.3151,0,1,0,0,1
"1735",4552,5.353368,0,0,0,79.80431,0,0,0,0,0
"1747",4586,2.168114,0,0,0,90.16558,1,0,0,0,0
"1750",4600,12.49119,0,0,0,82.26292,0,0,1,0,1
"1753",4613,4.46114,0,0,0,72.07727,1,1,1,0,1
"1757",4623,4.193471,0,0,0,17.61164,0,0,0,0,0
"1761",4632,5.710259,0,0,0,76.24184,1,1,1,0,1
"1763",4640,2.766265,0,0,0,32.68941,0,0,0,0,0
"1764",4642,9.100725,0,0,0,59.75916,0,1,0,0,1
"1766",4648,8.922279,0,0,0,82.06222,0,0,0,0,1
"1768",4651,10.70674,0,0,0,62.51882,0,0,1,0,0
"1775",4669,7.137824,0,0,0,27.69694,0,1,0,0,1
"1776",4670,4.21200225678271,1,0,0,26.49272,0,0,1,1,0
"1779",4678,7.137824,0,0,0,25.3136,0,0,1,0,0
"1783",4692,13.3836,0,0,0,92.47366,1,1,1,0,1
"1785",4698,8.922279,0,0,0,87.15504,1,0,0,0,1
"1798",4740,4.840964,0,0,0,53.56247,0,0,0,0,0
"1799",4747,3.838192,0,0,0,14.97742,0,0,0,0,0
"1803",4757,6.531843,0,0,0,86.35223,0,1,1,0,1
"1805",4760,4.21200225678271,1,0,0,93.40191,1,1,0,0,1
"1807",4765,7.316269,0,0,0,64.07426,0,0,0,0,0
"1815",4790,6.56988,0,0,0,49.29754,0,0,1,0,0
"1817",4794,5.353368,0,0,0,70.84797,0,0,0,0,1
"1818",4795,5.174922,0,0,0,89.23734,0,0,1,0,1
"1821",4803,4.639585,0,0,0,94.02911,0,0,1,0,1
"1826",4813,3.925803,0,0,0,69.09182,1,1,0,0,0
"1827",4816,2.141347,0,0,0,94.10437,0,0,0,0,1
"1828",4821,4.282694,0,0,0,98.29403,1,0,1,1,1
"1833",4830,6.742771,0,0,0,94.60612,1,1,0,0,1
"1838",4839,5.353368,0,0,0,61.76618,1,0,1,0,1
"1840",4844,5.888705,0,0,0,30.35625,0,0,1,0,0
"1845",4850,2.593374,0,0,0,15.45409,0,0,0,0,0
"1850",4855,2.498238,0,0,0,70.77271,0,0,0,1,0
"1855",4865,5.58267,0,0,0,67.73708,0,0,1,0,1
"1863",4886,6.110869,0,0,0,85.75013,0,0,1,0,1
"1865",4895,5.710259,0,0,0,78.8008,0,1,0,0,1
"1870",4908,4.21200225678271,1,0,0,41.67085,0,1,0,0,1
"1871",4910,2.676684,0,0,0,36.8289,0,0,1,0,1
"1874",4913,1.249119,0,0,0,63.29654,0,0,0,0,0
"1875",4922,5.710259,0,0,0,51.15404,0,1,1,0,1
"1876",4927,5.621037,0,0,0,83.59258,0,0,1,0,1
"1878",4931,5.174922,0,0,0,78.87607,0,0,1,0,1
"1881",4942,1.556024,0,0,0,22.02709,0,0,0,0,0
"1886",4955,4.425451,0,0,0,69.31761,0,0,1,0,0
"1887",4956,4.149398,0,0,0,71.72604,0,0,1,0,1
"1889",4962,5.531813,0,0,0,77.47115,0,0,1,0,0
"1893",4971,6.915662,0,0,1,11.69092,0,0,1,0,0
"1896",4976,4.21200225678271,1,0,0,85.67487,0,0,1,0,1
"1897",4979,8.922279,0,0,1,74.46062,0,0,0,0,1
"1898",4981,3.568912,0,0,1,27.74712,0,0,1,0,0
"1903",4991,6.780933,0,0,1,73.73307,0,1,1,0,1
"1912",5012,13.38342,0,0,0,93.35173,1,1,0,0,1
"1918",5031,5.353368,0,0,0,59.83442,0,1,0,0,1
"1922",5038,12.96704,0,0,0,73.48219,0,1,1,0,1
"1923",5039,4.21200225678271,1,0,0,64.17461,0,1,0,0,1
"1925",5043,9.992953,0,1,0,42.84998,1,0,1,0,1
"1927",5051,6.538586,0,0,0,79.70396,0,0,0,0,0
"1932",5062,4.21200225678271,1,0,0,68.33919,0,0,1,0,0
"1939",5085,2.087813,0,1,0,9.508279,0,0,1,0,0
"1941",5091,5.353368,0,0,0,67.71199,0,1,1,0,1
"1944",5095,3.747357,0,0,0,80.4566,0,1,0,0,1
"1951",5106,4.671349,0,0,0,30.43151,0,0,0,0,0
"1953",5110,8.922279,0,0,0,52.10738,0,0,1,0,0
"1960",5129,2.526968,0,0,0,84.32012,0,0,0,0,1
"1961",5130,3.260201,0,0,0,10.01004,0,0,0,0,0
"1965",5146,3.568912,0,0,0,5.143001,0,0,0,0,0
"1966",5155,2.939157,0,0,0,55.39388,0,0,1,0,0
"1968",5157,5.353368,0,0,0,38.6854,0,0,1,0,0
"1970",5163,4.21200225678271,1,0,0,88.86102,0,1,1,0,0
"1972",5166,4.550363,0,0,0,95.08279,1,1,0,0,1
"1974",5169,8.208498,0,0,0,69.16708,0,0,1,0,1
"1978",5180,4.46114,0,0,0,57.85248,0,0,1,0,0
"1979",5183,3.568912,0,0,0,56.82389,1,1,1,0,1
"1980",5185,4.46114,0,0,0,90.91821,0,0,0,0,1
"1983",5194,7.851606,0,0,0,79.57852,0,0,0,0,0
"1987",5203,4.21200225678271,1,0,1,4.716508,0,0,0,0,1
"1988",5205,5.353368,0,0,0,70.87305,1,1,0,0,1
"1990",5211,2.766265,0,0,0,12.61917,0,0,0,0,0
"1997",5232,4.21200225678271,1,0,0,8.855996,0,0,1,0,0
"1999",5235,2.676684,0,0,0,18.81586,0,0,0,0,1
"2005",5250,6.245596,0,0,0,93.92875,1,1,0,0,1
"2006",5253,2.319793,0,0,0,43.60261,0,0,1,0,1
"2011",5278,0.6846506,0,0,0,27.87255,0,0,0,0,0
"2014",5291,0.5353368,0,0,0,14.55093,0,1,0,0,0
"2016",5293,1.058961,0,0,0,22.67938,0,0,1,1,0
"2018",5298,5.710259,0,0,0,44.48068,0,0,1,0,0
"2019",5300,1.962902,0,0,0,54.29002,0,1,0,0,1
"2023",5306,3.630723,0,0,0,36.10136,0,0,0,0,0
"2025",5313,2.676684,0,0,0,60.88811,0,0,0,0,0
"2036",5344,6.245596,0,0,0,60.01003,0,1,0,0,1
"2039",5348,8.922279,0,0,0,74.4857,1,1,0,0,1
"2043",5357,1.64247,0,0,0,28.57501,0,0,0,0,0
"2046",5365,4.668072,0,0,0,22.70447,0,0,0,0,0
"2049",5370,4.21200225678271,1,0,0,24.31009,0,0,1,0,0
"2052",5374,5.353368,0,0,0,80.40642,1,1,1,0,1
"2055",5378,5.710259,0,0,0,49.32263,0,0,1,0,1
"2057",5381,4.818031,0,0,0,99.22227,0,0,1,0,0
"2060",5385,4.21200225678271,1,0,0,67.6869,0,0,1,0,0
"2067",5395,4.46114,0,0,0,67.78725,0,0,0,0,1
"2073",5408,5.353368,0,0,0,53.63773,0,0,1,0,0
"2075",5411,0.8030052,0,0,0,19.99498,0,0,0,0,0
"2084",5429,4.550363,0,0,0,84.89714,0,0,1,0,0
"2090",5440,3.568912,0,0,0,96.68841,1,1,0,0,0
"2094",5445,2.141347,0,0,0,39.56347,0,0,1,0,1
"2098",5454,7.494715,0,0,0,52.80983,0,0,1,0,0
"2099",5456,1.60601,0,0,0,18.13848,0,0,0,0,0
"2102",5463,1.60601,0,0,0,31.18414,0,0,0,1,0
"2103",5464,1.037349,0,1,0,15.07777,0,0,1,0,1
"2106",5471,1.516788,0,0,0,9.909684,0,0,1,0,0
"2111",5485,0.892228,0,1,0,28.47466,0,0,1,0,1
"2113",5500,3.568912,0,0,0,50.37632,0,1,0,0,1
"2120",5514,3.118515,0,0,0,51.10387,0,0,0,0,0
"2122",5518,1.898661,0,1,0,11.36478,0,0,1,0,1
"2127",5538,4.21200225678271,1,1,0,11.59057,0,0,0,0,0
"2128",5539,4.21200225678271,1,1,0,72.80482,0,0,0,0,0
"2134",5551,3.568912,0,0,0,17.6869,0,0,1,0,0
"2140",5569,2.676684,0,0,0,43.25138,1,0,0,0,0
"2149",5598,3.568912,0,0,0,47.24034,0,1,0,0,0
"2152",5607,2.141347,0,0,0,32.01204,0,0,0,0,0
"2154",5614,2.074699,0,1,0,15.47918,0,0,1,0,0
"2157",5621,2.247591,0,0,0,54.26493,0,0,0,0,1
"2158",5622,2.247591,0,0,0,42.47366,0,0,0,0,1
"2159",5630,2.110487,0,1,0,1.906673,0,0,0,0,0
"2162",5635,4.21200225678271,1,1,0,14.37531,0,0,0,0,0
"2169",5647,4.21200225678271,1,1,0,34.11942,0,0,1,0,0
"2172",5657,4.21200225678271,1,0,0,82.08731,0,1,1,0,1
"2178",5677,6.15494,0,0,0,58.78073,0,0,0,0,0
"2182",5711,3.568912,0,0,0,52.08229,0,0,0,0,1
"2186",5717,7.673161,0,0,0,53.01054,0,0,1,0,1
"2191",5727,4.21200225678271,1,0,1,21.62569,0,0,0,0,0
"2199",5746,3.747357,0,0,1,66.75866,0,1,1,0,0
"2203",5759,4.818031,0,0,1,94.58103,0,1,0,0,1
"2206",5766,4.21200225678271,1,0,1,20.62218,0,1,1,0,1
"2223",5843,0.3925803,0,0,1,66.78374,0,0,0,0,0
"2231",5862,4.21200225678271,1,0,1,30.98344,0,0,1,0,0
"2232",5863,2.141347,0,0,1,34.571,0,0,0,0,1
"2236",5871,4.21200225678271,1,0,1,11.9418,0,0,0,0,0
"2240",5877,0.2593374,0,0,1,7.250376,0,0,0,0,0
"2243",5885,4.21200225678271,1,0,1,28.49975,0,0,0,1,0
"2246",5898,4.21200225678271,1,1,0,31.96187,0,0,0,1,1
"2248",5903,13.3836,0,0,1,0.4766684,0,0,0,0,0
"2251",5910,1.070674,0,0,1,35.14802,0,0,0,0,0
"2256",5923,1.338342,0,1,0,46.38736,0,0,1,0,0
"2260",5939,4.21200225678271,1,1,0,46.36227,0,1,0,0,1
"2265",5955,0.5310541,0,1,0,29.95484,0,0,1,0,1
"2266",5957,4.21200225678271,1,1,0,10.93828,0,0,1,0,0
"2267",5963,0.7904602,0,0,1,10.23583,0,0,1,0,0
"2271",5977,5.442591,0,1,0,13.97391,0,1,1,0,0
"2276",5987,8.922279,0,1,0,51.90667,0,0,0,0,1
"2277",5989,2.676684,0,1,0,51.32965,1,0,0,0,0
"2278",6000,0.4771635,0,1,0,2.182639,0,0,0,0,0
"2281",6013,2.141347,0,1,0,36.02609,0,0,0,0,1
"2282",6014,2.389707,0,1,0,14.04917,0,0,0,0,0
"2294",6044,4.21200225678271,1,1,0,44.50577,1,0,1,0,0
"2295",6050,4.21200225678271,1,1,0,0.3763171,0,0,0,0,0
"2296",6051,4.21200225678271,1,1,0,3.612644,0,0,0,0,0
"2302",6062,4.21200225678271,1,1,0,34.44556,0,1,0,1,1
"2309",6083,0.8990361,0,1,0,1.630708,0,0,1,0,0
"2313",6095,4.21200225678271,1,1,0,14.42549,0,0,0,0,0
"2315",6108,4.21200225678271,1,1,0,17.71199,0,0,1,0,1
"2329",6162,3.658135,0,1,0,9.407928,1,0,0,0,1
"2331",6164,2.498238,0,1,0,47.41596,0,0,1,0,0
"2338",6187,2.676684,0,1,0,40.89313,1,0,0,0,1
"2343",6207,4.21200225678271,1,1,0,20.22077,0,0,0,0,1
"2349",6219,0.4582483,0,1,0,34.1445,0,0,1,0,1
"2351",6222,0.2544634,0,1,0,6.246864,0,0,0,0,0
"2353",6225,2.206658,0,1,0,24.96237,0,0,1,0,1
"2359",6247,4.282694,0,1,0,15.60462,0,0,0,0,1
"2365",6256,4.21200225678271,1,1,0,17.56147,0,0,1,1,0
"2373",6283,0.5359639,0,1,0,27.64676,0,0,1,1,0
"2378",6295,0.9279171,0,1,0,17.73708,0,0,1,1,1
"2379",6296,4.21200225678271,1,1,0,33.61766,0,0,1,0,1
"2390",6323,4.46114,0,1,0,46.43753,1,1,0,0,1
"2394",6330,4.243451,0,0,0,16.75866,0,0,0,0,0
"2404",6347,0.3457831,0,1,0,6.146513,0,0,0,0,1
"2406",6351,4.46114,0,0,0,20.1706,0,0,1,0,0
"2407",6356,0.2141347,0,1,0,6.447567,0,0,1,0,0
"2412",6365,0,0,1,0,1.60562,0,0,1,0,0
"2425",6401,0.8543975,0,1,0,38.18364,0,0,0,0,0
"2427",6405,4.21200225678271,1,1,0,20.04516,0,0,1,0,0
"2434",6417,4.21200225678271,1,1,0,2.383342,0,0,1,0,0
"2436",6419,3.568912,0,1,0,5.469142,0,0,0,0,0
"2439",6428,1.094228,0,1,0,1.555444,0,0,1,0,0
"2441",6438,3.369231,0,0,0,29.8294,0,0,1,0,0
"2444",6441,0,0,1,0,19.04165,0,0,0,0,0
"2445",6442,0,0,1,0,19.39288,0,0,1,0,0
"2447",6450,1.338342,0,1,0,29.428,0,0,1,0,0
"2449",6454,4.21200225678271,1,1,0,9.081786,0,0,0,0,0
"2453",6461,0.2701666,0,1,0,15.70497,0,0,1,0,0
"2454",6462,0.6915663,0,1,0,31.25941,0,0,0,0,0
"2460",6489,5.453833,0,1,0,11.64074,0,0,1,0,1
"2467",6505,0.7614145,0,1,0,13.02057,0,0,1,0,0
"2470",6515,1.866541,0,1,0,46.41245,0,0,1,1,1
"2477",6555,3.698107,0,1,0,43.27647,0,0,1,0,0
"2479",6584,1.249119,0,0,0,6.874059,0,0,0,0,0
"2480",6593,8.990362,0,1,0,22.4285,0,0,0,0,0
"2484",6602,1.578173,0,1,0,10.286,0,0,1,0,0
"2488",6607,1.642235,0,0,0,89.26242,0,0,0,0,1
"2491",6613,2.141347,0,0,0,91.39488,0,0,1,0,1
"2492",6614,2.676684,0,0,0,76.91921,0,0,1,0,0
"2493",6617,1.40972,0,1,0,78.75063,0,0,0,1,0
"2497",6624,4.21200225678271,1,0,0,48.46965,0,0,0,0,0
"2504",6650,4.21200225678271,1,1,0,40.04014,1,1,0,0,0
"2505",6652,4.21200225678271,1,0,1,20.14551,0,0,1,0,0
"2508",6663,1.072636,0,0,1,30.38133,0,0,1,0,0
"2512",6669,4.21200225678271,1,1,0,14.95233,0,1,1,0,0
"2514",6677,1.021423,0,1,0,7.701956,0,0,0,0,0
"2516",6686,4.668072,0,0,0,12.16759,0,0,1,0,0
"2517",6698,4.21200225678271,1,1,0,42.69945,0,0,0,0,1
"2520",6708,2.498238,0,1,0,76.79378,0,0,1,0,1
"2523",6725,0.3727542,0,0,1,0.0250878,0,0,1,0,0
"2530",6745,4.21200225678271,1,0,1,24.8871,0,0,1,0,0
"2535",6755,0.7137824,0,1,0,36.95434,0,0,1,0,1
"2537",6760,4.21200225678271,1,1,0,7.175113,0,0,0,0,1
"2540",6792,2.587461,0,0,1,11.61565,0,0,0,0,0
"2544",6805,2.247591,0,0,1,48.26894,0,0,0,0,1
"2547",6814,4.21200225678271,1,1,0,9.558455,0,0,1,0,1
"2550",6823,4.46114,0,0,1,77.52132,0,0,1,0,1
"2551",6826,4.639585,0,0,1,88.71049,1,1,1,0,1
"2555",6840,9.814507,0,1,0,33.44205,1,1,0,0,0
"2557",6848,5.353368,0,0,1,81.25941,1,0,1,0,1
"2562",6876,8.208498,0,1,0,86.25188,0,0,1,0,1
"2564",6883,4.21200225678271,1,1,0,24.05921,0,0,0,0,0
"2566",6885,4.21200225678271,1,0,1,16.2569,0,0,1,0,0
"2571",6897,4.21200225678271,1,1,0,24.15956,0,0,0,0,0
"2572",6898,4.21200225678271,1,1,0,5.067737,0,0,0,0,0
"2577",6907,7.137824,0,1,0,1.580532,0,0,0,0,0
"2581",6914,6.245596,0,1,0,8.554942,1,1,0,0,1
"2585",6933,8.922279,0,1,0,45.78525,1,1,1,0,1
"2587",6938,4.371917,0,0,1,58.80582,0,0,0,0,0
"2591",6947,4.322289,0,1,0,11.33969,0,0,0,0,0
"2595",6952,7.137824,0,1,0,18.41445,1,0,1,0,1
"2606",6999,4.495181,0,1,0,21.55043,0,0,1,0,1
"2608",7004,4.21200225678271,1,1,0,31.00853,0,0,0,0,0
"2610",7007,1.144193,0,0,0,94.55595,0,0,0,0,1
"2612",7010,4.21200225678271,1,1,0,28.09834,0,0,0,0,0
"2613",7014,1.60601,0,0,0,64.92725,0,0,0,0,1
"2616",7031,4.21200225678271,1,0,0,80.35625,0,0,1,0,0
"2619",7048,4.157783,0,0,1,72.72955,0,0,1,0,1
"2622",7056,3.479689,0,0,0,49.24737,0,0,0,0,1
"2628",7073,1.482883,0,1,0,30.53186,0,0,1,0,0
"2631",7079,1.724677,0,1,0,71.75113,0,0,0,0,0
"2637",7104,10.1714,0,1,0,39.48821,1,1,0,0,1
"2642",7119,11.59896,0,1,0,98.31912,1,1,0,0,1
"2650",7145,4.21200225678271,1,0,1,58.25389,0,0,0,0,0
"2655",7156,2.605306,0,1,0,45.6849,0,0,1,0,0
"2657",7165,4.21200225678271,1,1,0,27.04466,1,0,0,0,1
"2658",7166,4.21200225678271,1,1,0,66.85901,0,1,1,0,1
"2659",7174,1.284808,0,1,0,1.655795,0,0,1,0,0
"2665",7186,4.21200225678271,1,1,0,2.032112,0,0,1,0,0
"2679",7224,1.427565,0,1,0,19.71902,0,0,1,0,0
"2684",7236,5.710259,0,0,1,54.64125,0,0,1,0,1
"2685",7237,3.212021,0,0,1,12.74461,0,0,1,0,0
"2694",7258,4.21200225678271,1,1,0,16.80883,0,0,1,1,0
"2695",7259,4.21200225678271,1,1,0,15.6297,0,0,1,0,0
"2697",7262,3.747357,0,1,0,18.23884,0,0,0,0,0
"2698",7263,4.21200225678271,1,1,0,16.33216,0,0,1,0,0
"2703",7274,4.21200225678271,1,1,0,93.0005,1,1,1,0,1
"2707",7284,2.498238,0,1,0,21.75113,0,0,1,0,1
"2713",7301,12.559,0,1,0,5.117913,0,0,0,0,1
"2715",7318,1.695233,0,1,0,67.53638,0,1,0,0,0
"2718",7322,3.925803,0,1,0,26.24185,0,0,1,0,0
"2720",7324,0.7494715,0,1,0,16.13146,0,0,1,0,0
"2722",7328,5.353368,0,0,0,87.20522,0,1,1,0,1
"2723",7329,3.390466,0,0,0,45.96087,0,0,0,0,0
"2735",7372,4.746653,0,1,0,35.85048,1,1,0,0,1
"2736",7374,1.142052,0,0,0,38.8861,0,0,1,0,0
"2739",7381,4.21200225678271,1,1,0,14.4004,0,0,0,0,1
"2745",7396,4.015026,0,1,0,53.73808,0,1,1,0,1
"2749",7404,0.8529699,0,1,0,2.107376,0,0,0,0,0
"2757",7423,3.033575,0,0,1,73.65781,0,0,1,0,1
"2760",7428,4.996477,0,0,1,97.99297,0,1,1,0,0
"2765",7440,4.21200225678271,1,1,0,36.72855,0,0,1,0,1
"2769",7446,0.4282694,0,1,0,0.5770196,0,0,1,0,0
"2775",7466,1.60601,0,1,0,5.092825,0,0,0,1,0
"2776",7469,3.203455,0,1,0,2.558956,0,0,0,0,0
"2780",7473,4.21200225678271,1,0,1,28.72554,1,0,0,0,0
"2782",7476,8.644578,0,1,0,34.3703,0,0,1,0,0
"2789",7484,9.992953,0,1,0,23.33166,0,0,0,0,1
"2793",7491,8.386943,0,1,0,44.35524,0,0,0,0,1
"2796",7495,3.568912,0,1,0,38.78575,0,0,0,0,0
"2800",7504,4.21200225678271,1,1,0,14.50075,0,0,1,0,0
"2809",7523,3.212021,0,1,0,34.49574,1,0,0,0,0
"2811",7527,1.784456,0,1,0,96.3121,1,0,1,0,1
"2813",7531,4.21200225678271,1,0,1,59.70898,0,1,1,0,1
"2817",7550,0.8298795,0,1,0,7.927747,0,0,1,1,0
"2818",7551,7.316269,0,1,0,29.07677,0,0,1,0,0
"2827",7571,3.457831,0,0,1,45.91069,0,0,1,0,1
"2829",7576,5.353368,0,0,1,71.80131,0,0,0,0,1
"2837",7592,4.21200225678271,1,0,1,47.29052,0,0,0,0,1
"2845",7614,2.319793,0,1,0,63.999,0,0,0,0,1
"2850",7623,4.21200225678271,1,1,0,8.630206,0,0,1,0,0
"2854",7627,6.245596,0,1,0,5.770195,1,1,0,0,0
"2856",7630,4.21200225678271,1,1,0,54.76669,1,0,1,0,1
"2857",7634,4.21200225678271,1,1,0,10.0853,0,0,0,0,1
"2861",7643,4.21200225678271,1,1,0,3.211239,0,0,0,0,0
"2864",7652,4.21200225678271,1,1,0,54.16458,0,0,1,0,1
"2868",7661,1.962902,0,1,0,34.26994,0,0,0,0,0
"2871",7664,3.568912,0,1,0,37.93277,0,0,0,0,0
"2872",7668,6.742771,0,1,0,29.10186,1,0,0,0,1
"2873",7671,4.21200225678271,1,1,0,12.64425,0,0,1,0,1
"2874",7672,4.21200225678271,1,1,0,3.286503,0,0,1,0,0
"2875",7674,6.245596,0,1,0,20.24586,0,1,0,0,1
"2876",7675,1.784456,0,1,0,15.55444,0,0,0,0,0
"2879",7678,6.602487,0,1,0,8.80582,1,0,1,0,1
"2880",7679,4.21200225678271,1,1,0,32.03713,0,0,1,0,0
"2883",7690,4.21200225678271,1,1,0,42.5991,1,0,0,0,1
"2888",7695,0.3568912,0,1,0,18.66533,0,0,1,0,1
"2889",7696,0.3568912,0,1,0,2.709483,0,0,0,0,0
"2894",7704,0.0292651,0,1,0,1.404917,0,0,1,0,0
"2898",7711,5.174922,0,1,0,17.63673,0,0,0,0,0
"2900",7715,3.390466,0,1,0,10.46162,1,0,0,0,0
"2904",7720,4.21200225678271,1,0,1,88.15855,1,1,0,0,1
"2906",7740,1.159896,0,0,0,75.43903,1,1,1,0,1
"2912",7800,4.21200225678271,1,1,0,31.91169,0,0,0,0,1
"2914",7808,4.21200225678271,1,1,0,15.78023,0,0,0,0,0
"2916",7812,4.21200225678271,1,1,0,5.820371,0,0,0,0,0
"2917",7822,7.137824,0,0,1,12.66934,0,0,1,0,0
"2920",7831,4.21200225678271,1,0,1,19.46814,0,0,1,0,0
"2924",7842,4.21200225678271,1,0,1,31.2845,0,0,1,0,0
"2925",7846,4.21200225678271,1,1,0,7.977923,0,0,1,0,1
"2926",7851,4.21200225678271,1,1,0,7.55143,0,0,1,0,0
"2930",7857,4.21200225678271,1,1,0,29.92975,0,0,0,0,1
"2931",7860,4.21200225678271,1,1,0,7.225288,0,0,0,0,0
"2932",7861,4.21200225678271,1,1,0,7.601605,0,0,0,0,0
"2939",7896,4.21200225678271,1,0,0,31.93678,0,0,0,0,0
"2945",7939,1.083522,0,1,0,55.59458,0,0,0,0,0
"2951",7958,1.070674,0,0,1,21.57552,0,0,1,0,0
"2953",7964,3.568912,0,0,1,58.88108,0,0,0,0,1
"2955",7966,3.568912,0,0,1,27.09483,0,0,0,0,1
"2957",7972,1.338342,0,0,1,9.884596,0,0,0,0,0
"2968",8025,3.28494,0,0,1,18.18866,0,0,1,0,0
"2971",8031,2.682037,0,0,1,6.899147,0,0,1,0,0
"2974",8038,0.1873679,0,1,0,80.48168,0,1,0,0,1
"2975",8040,5.353368,0,1,0,43.6277,1,0,0,0,0
"2978",8048,2.074699,0,0,1,22.60411,0,0,1,0,0
"2979",8050,1.21343,0,1,0,29.97993,0,0,0,0,1
"2982",8056,4.46114,0,0,0,98.56999,1,1,1,0,1
"2983",8062,3.23653,0,0,1,13.999,0,0,1,0,1
"2985",8069,3.038572,0,0,1,35.97591,0,0,0,0,1
"2987",8076,6.424041,0,0,0,70.92323,0,1,0,0,0
"2988",8077,9.100725,0,1,0,38.76066,1,1,0,0,1
"2990",8080,13.3836,0,0,0,55.46914,0,0,0,0,1
"2991",8086,4.21200225678271,1,0,0,98.54491,0,1,1,0,1
"2995",8111,4.996477,0,0,1,51.27948,0,0,1,0,1
"2996",8117,4.585516,0,0,1,48.44456,0,0,1,0,0
"2999",8131,2.498238,0,0,0,54.69142,1,1,1,0,1
"3002",8138,3.568912,0,0,1,51.88159,0,0,0,0,1
"3004",8145,4.21200225678271,1,0,1,57.22529,0,0,0,0,0
"3005",8146,3.457831,0,0,1,47.61666,0,0,0,0,0
"3012",8161,1.60601,0,0,1,0.1003512,0,0,1,1,0
"3013",8163,1.070674,0,0,1,72.85499,0,0,0,0,1
"3023",8219,9.814507,0,0,1,73.70798,0,1,0,0,1
"3027",8233,2.351325,0,0,1,22.57903,0,0,0,0,0
"3030",8240,4.46114,0,1,0,23.40693,0,0,0,0,0
"3033",8247,1.556024,0,1,0,1.931761,0,0,0,1,0
"3034",8252,0.2141347,0,1,0,34.54591,0,0,0,0,1
"3036",8256,4.21200225678271,1,1,0,10.53688,0,0,0,0,1
"3040",8268,2.855129,0,0,1,12.5439,0,0,0,0,1
"3044",8294,3.966489,0,0,1,15.52935,0,0,1,0,1
"3045",8295,0.6639036,0,0,1,14.90216,0,0,0,1,0
"3055",8321,8.030051,0,0,1,10.4867,0,0,0,0,0
"3060",8330,1.820145,0,0,1,4.69142,0,0,1,0,1
"3065",8346,2.855129,0,0,1,40.81786,1,0,1,0,1
"3071",8366,0.8547759,0,0,0,2.960361,0,0,1,0,0
"3074",8380,4.46114,0,0,1,24.36026,0,0,0,0,1
"3079",8387,5.353368,0,0,1,22.72955,0,0,1,0,0
"3092",8417,3.925803,0,1,0,59.95986,0,0,1,0,1
"3098",8423,3.033575,0,1,0,12.9704,0,0,0,0,0
"3103",8433,4.21200225678271,1,1,0,8.028098,0,0,0,0,0
"3106",8437,4.21200225678271,1,0,0,76.86904,0,0,1,1,0
"3110",8464,2.994495,0,0,0,73.4571,0,0,1,1,1
"3112",8466,1.079596,0,0,0,42.64927,0,0,0,0,1
"3113",8469,7.137824,0,0,1,52.18264,1,1,0,0,1
"3116",8477,4.21200225678271,1,1,0,16.20672,0,0,1,0,0
"3117",8478,4.21200225678271,1,1,0,19.5434,0,0,0,0,0
"3120",8481,3.212021,0,1,0,7.902659,0,0,0,0,0
"3124",8500,3.568912,0,1,0,13.1711,0,0,1,0,0
"3129",8510,0.5845878,0,1,0,27.14501,0,0,1,0,0
"3130",8512,2.676684,0,1,0,16.78374,0,0,1,0,1
"3138",8552,1.784456,0,1,0,44.38033,0,0,0,0,0
"3144",8560,3.568912,0,1,0,36.75364,0,0,0,0,0
"3147",8565,3.457831,0,0,0,7.526342,0,0,0,0,0
"3150",8569,1.901807,0,1,0,1.003512,0,0,0,0,0
"3151",8570,2.676684,0,1,0,3.411942,0,0,1,0,0
"3155",8599,1.383133,0,1,0,20.09533,0,0,0,1,1
"3156",8601,4.21200225678271,1,1,0,34.47065,0,0,1,0,0
"3158",8603,2.178434,0,1,0,59.6839,0,0,1,0,0
"3159",8605,3.212021,0,1,0,10.61214,0,0,1,0,0
"3160",8608,1.873679,0,1,0,43.65279,0,0,1,1,0
"3165",8617,1.516788,0,1,0,12.76969,0,0,0,0,0
"3167",8622,2.498238,0,1,0,27.06974,0,0,1,0,1
"3170",8628,4.21200225678271,1,1,0,2.508781,0,0,0,0,0
"3171",8629,4.21200225678271,1,1,0,0.3512293,0,0,0,0,0
"3172",8631,1.089217,0,1,0,0.6021073,0,0,1,0,0
"3182",8653,3.568912,0,1,0,14.02409,0,0,0,0,1
"3183",8654,3.925803,0,1,0,9.157049,0,0,0,0,0
"3189",8665,4.21200225678271,1,1,0,20.27095,0,0,1,0,0
"3192",8668,2.189528,0,1,0,21.97692,0,0,1,0,1
"3196",8684,4.21200225678271,1,1,0,16.18164,0,0,1,0,1
"3197",8688,4.21200225678271,1,1,0,4.315103,0,0,1,0,1
"3199",8692,4.21200225678271,1,1,0,5.49423,0,0,1,0,0
"3201",8695,1.659759,0,1,0,5.544405,0,0,1,0,0
"3202",8698,2.676684,0,1,0,28.65027,0,0,0,0,1
"3204",8706,2.731687,0,0,1,45.13297,0,0,1,0,0
"3206",8724,3.568912,0,0,1,64.87707,0,0,0,1,0
"3208",8734,1.766611,0,0,0,76.29202,0,0,1,0,1
"3212",8751,7.137824,0,0,0,35.27346,1,0,0,0,0
"3215",8756,6.245596,0,0,0,68.46462,0,0,1,0,0
"3224",8813,4.21200225678271,1,0,1,14.17461,0,0,0,0,0
"3225",8815,4.21200225678271,1,0,1,24.18465,0,0,1,0,1
"3226",8817,1.249119,0,0,0,88.73557,0,0,0,0,0
"3228",8820,1.72539,0,0,0,87.98294,0,0,0,0,1
"3233",8844,0.8644578,0,0,0,31.03362,0,0,0,0,0
"3235",8853,3.212021,0,0,1,37.00452,0,0,1,0,1
"3236",8856,2.074699,0,0,1,40.14049,0,0,0,0,0
"3237",8859,2.037135,0,0,1,51.30457,0,0,0,0,1
"3241",8872,1.210241,0,0,1,14.12444,0,0,0,1,0
"3243",8876,7.302421,0,0,1,35.87556,0,1,0,0,0
"3249",8894,0.7994363,0,0,1,45.08279,0,0,0,0,0
"3257",8924,4.21200225678271,1,0,1,18.21375,0,0,0,0,0
"3258",8929,4.21200225678271,1,0,1,14.80181,0,0,0,0,0
"3261",8936,0.9635247,0,0,1,32.08731,0,0,0,0,0
"3265",8942,3.786616,0,0,1,69.19217,0,0,1,0,1
"3266",8944,7.137824,0,0,1,27.7722,0,0,1,0,0
"3274",8964,1.849767,0,0,1,12.59408,0,0,0,0,0
"3276",8972,2.319793,0,1,0,7.024586,0,0,0,0,0
"3278",8975,4.21200225678271,1,1,0,13.92373,0,1,0,0,0
"3281",8983,2.105658,0,1,0,62.76969,0,0,0,0,0
"3291",9018,4.21200225678271,1,1,0,8.429503,0,0,1,1,1
"3294",9026,1.962902,0,0,0,15.05268,0,0,0,0,0
"3297",9033,4.21200225678271,1,1,0,11.41495,0,0,1,0,0
"3299",9040,1.64247,0,1,0,3.110888,0,0,1,0,0
"3301",9051,4.21200225678271,1,1,0,2.157552,0,0,0,0,0
"3303",9057,1.469578,0,1,0,9.056699,0,0,1,0,0
"3305",9059,4.21200225678271,1,1,0,69.11691,0,0,0,0,1
"3311",9070,3.394571,0,1,0,17.0848,0,0,1,0,0
"3312",9072,1.174886,0,1,0,9.38284,0,0,0,0,0
"3314",9079,0.0435687,0,1,0,11.74109,0,0,0,0,0
"3319",9097,2.855129,0,1,0,6.196689,0,0,0,0,1
"3321",9100,1.737168,0,1,0,27.79729,0,0,1,0,1
"3323",9106,0.9992953,0,1,0,17.05971,0,0,1,0,0
"3324",9109,0.8693869,0,1,0,9.859509,0,0,1,0,0
"3326",9112,2.676684,0,1,0,19.44305,0,0,0,0,1
"3328",9114,0.8565389,0,1,0,48.36929,0,0,0,1,0
"3337",9159,0.9900162,0,0,0,20.39639,0,0,1,0,0
"3339",9164,1.156327,0,0,0,55.56949,0,0,1,0,0
"3340",9166,4.21200225678271,1,1,0,25.5143,0,0,0,0,0
"3342",9168,0.7043248,0,0,0,32.61415,0,0,1,0,0
"3345",9176,1.728916,0,0,0,32.96538,0,0,0,0,0
"3353",9193,4.322289,0,1,0,26.89413,0,0,1,0,1
"3357",9206,4.21200225678271,1,1,0,11.38986,0,0,1,0,0
"3360",9211,0.7137824,0,0,0,77.5715,0,0,0,0,0
"3361",9213,4.21200225678271,1,0,0,73.50727,0,0,0,0,1
"3362",9218,0.9992953,0,0,0,24.20973,0,0,0,0,0
"3368",9227,1.784456,0,0,0,16.73357,0,0,1,0,0
"3369",9229,2.18239,0,0,1,70.7978,1,0,1,0,0
"3374",9241,3.457831,0,0,0,16.63321,0,0,0,0,0
"3375",9242,2.676684,0,0,0,39.53838,1,0,0,0,1
"3376",9247,1.427565,0,0,0,31.15906,0,0,0,0,1
"3386",9295,1.668466,0,1,0,35.24837,0,0,0,0,1
"3392",9307,4.21200225678271,1,1,0,2.985449,1,0,0,0,1
"3393",9308,4.21200225678271,1,1,0,49.27245,1,0,1,0,1
"3394",9310,1.037349,0,1,0,21.67587,0,0,0,0,0
"3399",9329,1.037349,0,0,1,2.333166,0,0,0,0,0
"3403",9340,2.141347,0,1,0,10.58705,0,0,1,0,0
"3412",9372,2.904578,0,0,1,9.784245,0,0,0,0,0
"3426",9425,10.90088,0,0,1,57.87757,0,0,0,0,1
"3430",9489,3.033575,0,0,0,3.261415,0,0,1,0,0
"3433",9494,2.611181,0,0,0,11.44004,0,0,0,0,0
"3434",9496,0.2676684,0,0,1,62.49373,0,0,1,0,0
"3438",9514,4.21200225678271,1,1,0,26.91922,0,0,1,0,0
"3440",9528,2.855129,0,0,0,100,0,1,0,1,1
"3441",9532,1.962902,0,0,1,12.99548,0,0,1,0,0
"3443",9535,4.21200225678271,1,1,0,19.96989,0,0,1,0,1
"3445",9541,1.427565,0,0,1,21.02358,0,0,1,0,0
"3449",9560,1.700587,0,1,0,44.55595,0,1,1,0,1
"3451",9569,9.814507,0,1,0,14.45058,0,0,0,0,1
"3453",9576,4.282694,0,0,1,78.92624,0,0,1,0,0
"3456",9580,8.030051,0,0,1,56.74862,0,0,0,0,1
"3460",9635,4.21200225678271,1,1,0,74.38535,1,1,1,0,1
"3471",9669,2.855129,0,0,1,61.16407,0,0,0,0,1
"3474",9675,4.21200225678271,1,1,0,50.35123,0,0,1,0,0
"3481",9685,3.458276,0,1,0,3.763171,0,1,0,0,0
"3488",9759,1.249119,0,1,0,23.38184,1,1,1,0,1
"3491",9762,4.668072,0,0,1,18.1134,0,0,0,0,0
"3497",9782,1.784456,0,0,0,91.92173,0,1,1,0,0
"3499",9784,6.224096,0,0,1,49.22228,0,0,1,0,0
"3500",9788,7.673161,0,0,1,92.87506,0,1,0,0,1
"3502",9790,5.353368,0,0,1,41.69593,0,0,1,0,0
"3505",9814,2.141347,0,0,1,18.26392,0,0,0,0,0
"3508",9822,1.962902,0,0,1,49.14701,0,1,0,0,0
"3511",9827,2.676684,0,1,0,3.386854,0,0,0,0,0
"3513",9830,4.21200225678271,1,0,1,32.86503,0,0,1,0,1
"3515",9837,4.21200225678271,1,0,1,12.01706,0,0,1,0,0
"3521",9847,8.922279,0,0,1,40.26593,0,0,0,0,1
"3522",9848,6.424041,0,0,1,47.31561,1,1,0,0,1
"3527",9870,4.46114,0,0,1,57.80231,0,0,1,0,0
"3528",9873,1.922573,0,1,0,62.5439,0,0,0,0,1
"3536",9906,1.694337,0,0,1,6.472655,0,0,1,0,0
"3537",9918,0.3568912,0,0,1,0.0752634,0,0,0,0,0
"3544",9934,4.996477,0,0,1,83.41695,0,0,0,0,1
"3546",9948,1.070674,0,0,1,18.33919,0,0,1,0,0
"3549",9952,2.676684,0,1,0,9.131962,1,1,0,0,0
"3550",9953,1.848557,0,0,1,8.404415,0,0,1,0,0
"3554",9977,4.21200225678271,1,0,1,1.530356,0,0,0,0,0
"3555",9982,1.784456,0,0,1,10.26091,0,0,1,0,1
"3556",9992,3.033575,0,0,1,38.66031,0,0,1,0,1
"3557",9995,1.784456,0,0,1,54.23984,0,0,1,0,0
"3560",10001,4.892831,0,0,1,76.26693,0,0,0,0,1
"3561",10002,4.892831,0,0,1,39.51329,0,0,1,0,0
"3563",10004,4.21200225678271,1,0,1,51.98194,0,0,0,0,0
"3564",10010,4.21200225678271,1,1,0,79.8294,0,0,1,0,1
"3569",10033,1.728916,0,0,0,7.200201,0,0,0,0,0
"3570",10035,3.747357,0,0,1,29.35273,0,0,0,0,1
"3573",10050,6.245596,0,0,1,5.995986,0,0,0,0,0
"3574",10051,6.56988,0,0,1,16.60813,0,0,0,0,0
"3579",10070,3.497534,0,0,1,61.7411,0,0,0,0,1
"3582",10078,4.21200225678271,1,0,1,32.73959,0,0,0,0,1
"3585",10087,1.383133,0,0,0,22.65429,0,0,1,0,0
"3586",10088,1.383133,0,0,0,24.86202,0,0,1,0,0
"3589",10106,4.21200225678271,1,1,0,21.65078,0,0,1,0,0
"3590",10114,4.21200225678271,1,1,0,36.90416,0,0,0,0,0
"3594",10128,2.319793,0,1,0,5.94581,0,0,0,0,0
"3596",10133,1.469578,0,1,0,8.454591,0,1,0,0,0
"3601",10154,4.46114,0,1,0,13.39689,0,0,0,0,1
"3605",10159,4.818031,0,1,0,25.33869,0,0,1,0,0
"3607",10162,3.112048,0,1,0,19.41796,0,0,1,0,0
"3611",10174,4.21200225678271,1,1,0,0.2257903,0,0,0,0,0
"3615",10181,4.21200225678271,1,1,0,17.76217,0,0,1,0,0
"3617",10189,0.2766265,0,1,0,34.24486,0,0,0,1,1
"3618",10191,4.21200225678271,1,1,0,3.512293,0,0,1,0,0
"3619",10194,4.21200225678271,1,1,0,16.68339,0,0,0,0,0
"3621",10197,4.21200225678271,1,1,0,7.124938,0,0,0,0,0
"3625",10216,9.992953,0,0,0,82.78976,0,0,1,0,0
"3632",10238,0.6245596,0,1,0,14.92725,0,0,1,1,0
"3634",10261,1.621357,0,0,0,67.66182,0,0,1,0,0
"3643",10307,2.676684,0,0,1,41.72102,0,0,0,1,1
"3645",10309,5.888705,0,0,1,79.75414,0,0,1,0,1
"3647",10312,7.137824,0,0,1,62.04215,0,1,1,0,1
"3654",10337,3.845973,0,1,0,6.497742,0,0,0,0,0
"3655",10338,1.588166,0,1,0,4.1144,0,0,0,0,0
"3656",10339,1.588166,0,1,0,37.07978,0,0,0,0,0
"3659",10343,1.374031,0,0,0,62.06723,1,0,0,0,0
"3660",10346,1.411148,0,0,0,21.6006,0,0,0,0,1
"3664",10364,4.21200225678271,1,0,0,86.50276,0,0,0,0,1
"3667",10367,4.21200225678271,1,0,0,71.77621,0,0,1,0,1
"3671",10378,4.21200225678271,1,1,0,48.29403,0,1,1,0,0
"3674",10385,0.8030052,0,0,1,43.35173,0,0,0,0,1
"3677",10411,0.6566798,0,0,0,15.57953,0,0,1,0,0
"3678",10412,2.676684,0,1,0,12.56899,0,0,0,0,0
"3679",10421,2.587461,0,1,0,30.05519,0,0,1,0,0
"3683",10431,0.5803051,0,0,1,3.687908,0,0,0,0,1
"3684",10432,4.21200225678271,1,1,0,2.935273,0,0,0,0,0
"3686",10439,1.60601,0,1,0,25.56448,0,1,0,0,0
"3687",10448,4.996477,0,0,1,67.51129,0,0,1,0,1
"3696",10498,4.600327,0,0,0,63.39689,0,0,1,0,0
"3698",10514,2.052125,0,0,1,18.7155,0,0,1,0,1
"3699",10516,6.245596,0,0,1,56.87406,0,0,1,0,0
"3708",10537,0.8125904,0,0,1,28.44957,0,0,1,0,0
"3711",10548,1.728916,0,0,1,11.5153,0,0,0,0,0
"3714",10558,0.3212021,0,0,0,20.84797,0,0,1,0,0
"3716",10568,4.21200225678271,1,1,0,1.881585,0,0,0,0,0
"3718",10572,3.112048,0,0,1,20.82288,0,0,1,0,1
"3724",11758,6.245596,0,0,0,89.21224,0,0,0,0,1
"3725",11759,4.21200225678271,1,0,0,30.50677,0,0,0,0,0
"3726",11761,4.21200225678271,1,1,0,24.91219,0,0,1,0,0
"3728",11765,0.5439022,0,1,0,22.85499,0,0,1,0,0
"3732",11775,8.922279,0,0,0,96.73859,1,0,0,0,1
"3734",11781,4.21200225678271,1,0,0,56.97441,1,0,1,0,1
"3736",11786,8.922279,0,0,1,42.7998,0,0,1,0,0
"3739",11791,4.282694,0,0,0,74.41044,0,0,0,0,1
"3743",11797,3.212021,0,1,0,34.21977,1,1,1,0,1
"3745",11802,4.21200225678271,1,1,0,29.57853,0,0,1,1,0
"3746",11806,4.21200225678271,1,0,0,48.3442,0,0,0,0,1
"3747",11807,5.710259,0,0,0,35.82539,0,0,1,0,0
"3750",11822,4.21200225678271,1,0,0,40.91821,0,1,0,0,0
"3754",11833,4.408735,0,0,1,7.501254,1,0,0,0,0
"3756",11838,2.855129,0,1,0,25.43904,0,0,1,0,1
"3757",11839,2.319793,0,1,0,31.0587,0,0,1,0,0
"3765",11856,1.249119,0,1,0,23.43201,0,0,1,0,0
"3766",11865,10.70674,0,0,0,75.41395,1,1,1,1,0
"3768",11868,4.21200225678271,1,0,0,67.61164,1,0,1,0,1
"3774",11878,2.074699,0,0,0,42.42348,0,0,1,0,0
"3775",11880,4.639585,0,0,0,42.57401,0,1,0,0,0
"3776",11885,4.996477,0,0,1,35.90065,0,0,1,0,0
"3790",11927,1.60601,0,0,0,23.28148,0,0,1,0,0
"3794",11941,4.21200225678271,1,0,0,35.04767,0,0,0,0,0
"3795",11944,1.012453,0,0,1,37.15504,0,0,1,0,1
"3796",11949,4.21200225678271,1,0,0,22.88008,0,0,1,0,0
"3801",11958,4.21200225678271,1,0,0,35.17311,1,1,1,0,0
"3804",11963,4.21200225678271,1,0,0,83.49223,1,1,0,0,1
"3807",11995,3.212021,0,0,0,44.53086,0,0,1,0,0
"3808",11997,3.390466,0,0,0,17.18515,0,0,0,0,1
"3817",12014,4.21200225678271,1,0,0,78.90115,0,1,0,0,1
"3820",12023,4.104249,0,0,0,90.1405,0,1,0,0,1
"3825",12032,6.051205,0,0,0,11.56548,0,0,1,0,0
"3828",12038,13.3836,0,0,0,64.90215,0,1,1,0,1
"3830",12040,2.105658,0,0,0,27.19518,0,0,0,0,1
"3840",12069,4.21200225678271,1,0,0,76.31711,1,1,0,0,1
"3842",12074,4.21200225678271,1,0,0,54.44054,0,0,0,0,0
"3849",12089,5.186747,0,0,0,76.09132,1,1,0,0,1
"3850",12090,2.116008,0,0,0,58.35424,0,0,0,0,0
"3851",12093,4.21200225678271,1,0,0,54.61616,0,0,0,0,0
"3852",12094,6.245596,0,0,0,37.0296,0,0,1,0,0
"3855",12099,4.21200225678271,1,0,0,75.13799,1,1,1,0,1
"3858",12110,4.104249,0,0,0,49.19719,0,0,0,0,1
"3861",12117,0.4322289,0,0,0,2.132464,0,0,1,0,0
"3863",12126,4.21200225678271,1,1,0,9.834421,0,0,1,0,0
"3866",12131,4.21200225678271,1,1,0,40.84295,0,0,0,0,0
"3867",12139,4.104249,0,0,0,24.23482,0,0,0,0,0
"3871",12155,4.21200225678271,1,0,0,41.79629,0,0,1,0,0
"3874",12158,4.21200225678271,1,1,0,2.784747,0,0,0,0,0
"3875",12159,4.495181,0,0,0,25.01254,0,0,0,0,0
"3880",12177,4.21200225678271,1,0,1,20.34621,0,0,1,0,0
"3883",12184,6.915662,0,1,0,10.96337,0,0,0,0,0
"3889",12201,1.427565,0,1,0,10.56197,0,0,1,0,0
"3891",12210,1.338342,0,1,0,37.05469,0,0,1,0,1
"3895",12226,3.747357,0,1,0,13.07075,0,0,0,0,0
"3915",12311,2.734972,0,0,0,28.70045,0,0,0,0,0
"3918",12324,0.9457616,0,0,0,36.27697,0,0,0,0,0
"3921",12338,4.21200225678271,1,0,0,58.27898,0,0,0,1,1
"3922",12339,4.21200225678271,1,0,0,92.39839,0,0,1,0,1
"3928",12351,5.710259,0,0,0,75.16307,1,1,1,0,1
"3929",12353,0.3457831,0,0,0,7.150025,0,0,0,0,0
"3931",12355,3.925803,0,0,0,88.66031,0,0,0,0,1
"3938",12388,4.21200225678271,1,0,0,59.8846,0,0,1,0,1
"3941",12392,0.9156044,0,0,0,4.766683,0,0,1,0,0
"3948",12424,4.21200225678271,1,0,0,35.09784,0,0,1,0,0
"3954",12439,0.7137824,0,0,0,36.77872,0,0,1,0,0
"3956",12441,1.179882,0,0,0,55.3437,0,0,0,0,0
"3957",12454,4.21200225678271,1,0,0,29.32765,0,0,1,0,0
"3959",12460,0,0,0,0,40.9433,0,0,1,0,1
"3962",12474,6.245596,0,0,0,34.16959,0,0,1,0,0
"3963",12479,4.21200225678271,1,0,0,64.22478,0,0,1,0,0
"3964",12482,1.551183,0,0,0,45.70998,0,0,0,0,0
"3968",12493,3.568912,0,0,0,1.279478,0,0,0,0,0
"3973",12517,1.962902,0,1,0,4.841947,0,0,0,0,1
"3974",12518,0.3734866,0,1,0,5.845459,0,0,1,0,0
"3976",12520,4.21200225678271,1,0,0,58.20372,0,0,0,0,0
"3977",12523,0.1962902,0,0,0,45.73507,0,0,1,0,0
"3979",12533,7.137824,0,0,0,66.0562,1,0,0,0,0
"3982",12540,4.282694,0,0,0,36.80381,0,0,1,0,0
"3983",12546,3.568912,0,0,0,42.54892,0,0,0,0,0
"3985",12557,4.21200225678271,1,0,0,34.42047,0,0,0,0,0
